Obs,Año,Mes,Dia,Species,Leaf,Hora,Area Foliar,HHMMSS,FTime,EBal?,Photo,Cond,Ci,Trmmol,VpdL,CTleaf,Area,BLC_1,StmRat,BLCond,Tair,Tleaf,TBlk,CO2R,CO2S,H2OR,H2OS,RH_R,RH_S,Flow,PARi,PARo,Press,CsMch,HsMch,StableF,BLCslope,BLCoffst,f_parin,f_parout,alphaK,Status,fda,Trans,Tair_K,Twall_K,R(W/m2),Tl-Ta,SVTleaf,h2o_i,h20diff,CTair,SVTair,CndTotal,vp_kPa,VpdA,CndCO2,Ci_Pa,Ci/Ca,RHsfc,C2sfc,AHs/Cs
21,2016,8,30,Oak,1,11,6,11:21:24,1071.499993,0,1.116120601,0.121642435,376.6418244,1.051678366,0.884685524,21.59724045,6,1.420000017,1,2.840000033,22.5897789,21.59724045,22.67422867,400.0395203,397.4110107,15.22598267,16.99732399,55.50775146,61.9601059,350.1762085,29.58908844,28.61348343,100.2710342,0.272889316,0.080212288,1,-0.219565243,2.737391472,1,0,0.159999996,111115,0.583627014,0.001051678,294.7472404,295.7397789,4.734254045,-0.364633104,2.58902478,25.82026604,8.822942045,22.09350967,2.668677315,0.116646261,1.704339256,0.964338059,0.073336908,37.76626527,0.947738775,66.51601631,396.8804605,0.001870586
22,2016,8,30,Oak,1,11,6,11:21:26,1073.499993,0,1.139109805,0.122067748,376.3640192,1.055014608,0.884521188,21.60064507,6,1.420000017,1,2.840000033,22.5911541,21.60064507,22.67568207,400.0614014,397.3912354,15.22737312,17.00434113,55.50812531,61.97825623,350.1722412,29.59085083,28.59676743,100.2710342,0.272889316,0.080212288,1,-0.219565243,2.737391472,1,0,0.159999996,111115,0.583620402,0.001055015,294.7506451,295.7411541,4.734536027,-0.366643833,2.589564059,25.82564425,8.821303125,22.09589958,2.669066033,0.117037297,1.705042871,0.964023161,0.073584223,37.73840946,0.947086865,66.53380196,396.8497571,0.001909773
23,2016,8,30,Oak,1,11,6,11:21:28,1075.499993,0,1.163122009,0.122452428,376.0734997,1.058132935,0.88445794,21.60445213,6,1.420000017,1,2.840000033,22.59264946,21.60445213,22.67726517,400.0899048,397.3764954,15.22877407,17.01098442,55.50835037,61.99494934,350.171814,29.58686066,28.55288315,100.2710495,0.272889316,0.080212288,1,-0.219565243,2.737391472,1,0,0.159999996,111115,0.58361969,0.001058133,294.7544521,295.7426495,4.733897599,-0.368587853,2.590167201,25.83165544,8.82067102,22.0985508,2.66949731,0.11739088,1.705709261,0.963788049,0.073807857,37.7092845,0.946390901,66.54811531,396.8236029,0.001950579
24,2016,8,30,Oak,1,11,6,11:21:31,1078.499993,0,1.191691963,0.122991101,375.7487072,1.062497575,0.884369497,21.60986137,6,1.420000017,1,2.840000033,22.59529686,21.60986137,22.67964172,400.132843,397.3675537,15.23088264,17.02040863,55.50755692,62.01765823,350.1754456,29.41864967,28.42605019,100.2710876,0.272889316,0.080212288,1,-0.219565243,2.737391472,1,0,0.159999996,111115,0.583625743,0.001062498,294.7598614,295.7452969,4.706983843,-0.371555516,2.591024383,25.84019425,8.819785623,22.10257912,2.67015272,0.117885851,1.706654886,0.963497834,0.074120931,37.67673155,0.945594837,66.5682982,396.8010804,0.001999211
25,2016,8,30,Oak,1,11,6,11:21:33,1080.499993,0,1.201818192,0.123343726,375.6553284,1.065348539,0.884308746,21.61330414,6,1.420000017,1,2.840000033,22.59719276,21.61330414,22.68127632,400.1495056,397.3649597,15.23213482,17.02643204,55.50613403,62.03087616,350.1792603,29.14804649,28.3204422,100.2712326,0.272889316,0.080212288,1,-0.219565243,2.737391472,1,0,0.159999996,111115,0.5836321,0.001065349,294.7633041,295.7471928,4.663687335,-0.373766083,2.591570074,25.84559904,8.819167007,22.10524845,2.670587099,0.118209771,1.707261327,0.963325772,0.074325823,37.66742281,0.945366015,66.58141576,396.7936729,0.002016634
26,2016,8,30,Oak,2,11,6,11:23:30,1197.49999,0,1.51656164,0.135564798,372.5029359,1.154465965,0.875317916,21.70782089,6,1.420000017,1,2.840000033,22.66539383,21.70782089,22.7343235,399.9706421,396.5874939,15.32182217,17.26584435,55.60164642,62.65130997,350.160553,33.56199646,32.53119659,100.2715378,0.272889316,0.080212288,1,-0.219565243,2.737391472,1,0,0.159999996,111115,0.583600922,0.001154466,294.8578209,295.8153938,5.369919314,-0.415450947,2.606590679,25.99531968,8.729475333,22.18660736,2.683856306,0.129388554,1.731272764,0.952583542,0.081400954,37.35144221,0.939270506,67.24036619,395.8665931,0.002575973
27,2016,8,30,Oak,2,11,6,11:23:32,1199.49999,0,1.5001431,0.136026376,372.7686402,1.157767679,0.874973563,21.71006012,6,1.420000017,1,2.840000033,22.66686821,21.71006012,22.73572159,399.9483948,396.591095,15.32324886,17.27283669,55.60189056,62.66901398,350.1570129,33.28800583,32.40063858,100.2715378,0.272889316,0.080212288,1,-0.219565243,2.737391472,1,0,0.159999996,111115,0.583595022,0.001157768,294.8600601,295.8168682,5.326080814,-0.4178027,2.60694746,25.99887782,8.726041134,22.18846416,2.684159813,0.129808967,1.731973896,0.952185917,0.081667193,37.37808479,0.939931947,67.26263732,395.8779988,0.002548855
28,2016,8,30,Oak,2,11,6,11:23:35,1202.49999,0,1.496584923,0.136587329,372.8846257,1.162029778,0.874745021,21.71447563,6,1.420000017,1,2.840000033,22.66917992,21.71447563,22.73800087,399.9446716,396.5905151,15.32536221,17.28214264,55.60169983,62.69281769,350.1509094,32.89463043,32.18497086,100.2714844,0.272889316,0.080212288,1,-0.219565243,2.737391472,1,0,0.159999996,111115,0.583584849,0.00116203,294.8644756,295.8191799,5.263140752,-0.421059459,2.607651117,26.00590919,8.723766547,22.19182777,2.684709694,0.130319716,1.732906096,0.951803599,0.081990656,37.38969491,0.940225778,67.28591304,395.8791103,0.002543683
29,2016,8,30,Oak,2,11,6,11:23:38,1205.49999,0,1.507516671,0.137052197,372.8325022,1.165542759,0.874541104,21.71844673,6,1.420000017,1,2.840000033,22.67149734,21.71844673,22.74039459,399.9855042,396.61026,15.32789707,17.29053497,55.60260391,62.71278381,350.1582947,32.46051788,32.00309372,100.2712173,0.272889316,0.080212288,1,-0.219565243,2.737391472,1,0,0.159999996,111115,0.583597158,0.001165543,294.8684467,295.8214973,5.193682745,-0.423941708,2.608284094,26.0122911,8.721756123,22.19497204,2.685223806,0.130742834,1.73374299,0.951480816,0.082258634,37.38436886,0.940047547,67.30633545,395.8936588,0.002562946
30,2016,8,30,Oak,2,11,6,11:23:40,1207.49999,0,1.505881619,0.137350138,372.9158807,1.167692588,0.874336488,21.72053719,6,1.420000017,1,2.840000033,22.67333221,21.72053719,22.74252319,400.0089722,396.6350708,15.32969666,17.2959137,55.60307312,62.72384262,350.1636658,32.18190765,31.90046692,100.2711334,0.272889316,0.080212288,1,-0.219565243,2.737391472,1,0,0.159999996,111115,0.58360611,0.001167693,294.8705372,295.8233322,5.14910511,-0.42563041,2.608617358,26.0156365,8.719722801,22.1969347,2.68554476,0.131013947,1.73428087,0.95126389,0.082430348,37.39269803,0.940198959,67.3212853,395.9192468,0.00256057
31,2016,8,30,Oak,3,11,6,11:26:10,1357.499999,0,12.01385875,0.175659063,258.1925627,1.592496293,0.943172411,22.7023201,6,1.420000017,1,2.840000033,22.82821083,22.7023201,22.88454628,399.8924255,378.2774353,15.53292656,18.21160507,55.81227493,65.43605804,350.2087402,687.5897217,547.4655151,100.2736435,0.272889316,0.080212288,0.666666687,-0.219565243,2.737391472,1,0,0.159999996,111115,0.583681234,0.001592496,295.8523201,295.9782108,110.014353,0.489512545,2.769316406,27.61759032,9.405985245,22.76526546,2.77990854,0.165427102,1.826143994,0.953764546,0.10426498,25.88990898,0.682548147,67.1736886,372.5666222,0.021660964
32,2016,8,30,Oak,3,11,6,11:26:15,1362.499999,0,12.28369529,0.17689508,256.0179365,1.59153789,0.936417365,22.67041206,6,1.420000017,1,2.840000033,22.83712196,22.67041206,22.89116096,399.9302979,377.8541565,15.54852581,18.22562981,55.83716583,65.45630646,350.198822,607.8877563,510.0619202,100.2732544,0.272889316,0.080212288,1,-0.219565243,2.737391472,1,0,0.159999996,111115,0.583664703,0.001591538,295.8204121,295.987122,97.26203884,0.343895355,2.763960579,27.56428517,9.338655367,22.75376701,2.777970996,0.16652287,1.827543214,0.950427782,0.104961489,25.67175168,0.67755755,67.35967359,372.0150761,0.022241725
33,2016,8,30,Oak,3,11,6,11:26:20,1366.999999,0,12.31133918,0.177699504,256.2910992,1.586811392,0.929684449,22.6332283,6,1.420000017,1,2.840000033,22.84431839,22.6332283,22.89768028,399.9749756,377.8537903,15.56142616,18.23065567,55.85763931,65.44716644,350.1870728,596.7487183,464.5778198,100.273201,0.272889316,0.080212288,0.666666687,-0.219565243,2.737391472,1,0,0.159999996,111115,0.583645121,0.001586811,295.7832283,295.9943184,95.47979279,0.331092431,2.757730649,27.50217029,9.271514617,22.73877335,2.775446266,0.167235535,1.8280462,0.947400065,0.105414525,25.6991289,0.678281139,67.53075966,372.0015693,0.022349209
34,2016,8,30,Oak,3,11,6,11:26:23,1369.999999,0,12.25450151,0.177817138,256.9838899,1.583986837,0.927458935,22.62185097,6,1.420000017,1,2.840000033,22.84931183,22.62185097,22.90250587,399.9515991,377.9286804,15.5693121,18.23387146,55.86869812,65.43917847,350.1752625,562.3115234,439.3299255,100.2731628,0.272889316,0.080212288,1,-0.219565243,2.737391472,1,0,0.159999996,111115,0.583625437,0.001583987,295.771851,295.9993118,89.96984174,0.26926176,2.755826897,27.48319509,9.249323631,22.7355814,2.774909044,0.167339719,1.828367962,0.946541082,0.105480757,25.76858744,0.679979857,67.58763426,372.1034773,0.022258668
35,2016,8,30,Oak,3,11,6,11:26:35,1382.499999,0,11.28347398,0.18011349,269.3615132,1.551154437,0.897497111,22.42492867,6,1.420000017,1,2.840000033,22.86717796,22.42492867,22.92313766,400.096344,379.7539978,15.59658909,18.20594406,55.90910339,65.27783966,350.1817627,340.1649475,390.4264221,100.272789,0.272889316,0.080212288,0.666666687,-0.219565243,2.737391472,1,0,0.159999996,111115,0.583636271,0.001551154,295.5749287,296.017178,54.42639039,-0.107558174,2.723057898,27.15649904,8.95055498,22.64605331,2.759878018,0.169371884,1.825560787,0.934317231,0.106772786,27.00963018,0.709305273,68.28716869,374.3903747,0.020580564
36,2016,8,30,Oak,4,11,6,11:28:49,1517,0,1.163926567,0.148876325,378.1505982,1.24466806,0.862665227,22.02834511,6,1.420000017,1,2.840000033,22.99498177,22.02834511,23.06578064,399.4758606,396.6356201,15.81118679,17.90568733,56.24407959,63.69021606,350.1688538,26.14599991,26.09130669,100.2716141,-0.208597198,0.066219024,1,-0.219565243,2.737391472,1,0,0.159999996,111115,0.583614756,0.001244668,295.1783451,296.1449818,4.183359892,-0.475084073,2.658097397,26.50897187,8.603284539,22.51166344,2.737448801,0.141460776,1.79543217,0.942016631,0.089050606,37.91777085,0.953395457,68.46193672,396.0823452,0.002011821
37,2016,8,30,Oak,4,11,6,11:28:51,1519,0,1.174735405,0.149291288,378.0603342,1.247674006,0.862458684,22.03109932,6,1.420000017,1,2.840000033,22.99764061,22.03109932,23.0685997,399.490387,396.6296082,15.81268787,17.91222382,56.24073792,63.70166397,350.1703491,26.15238571,26.13406754,100.2714767,-0.208597198,0.066219024,1,-0.219565243,2.737391472,1,0,0.159999996,111115,0.583617249,0.001247674,295.1810993,296.1476406,4.18438162,-0.476656071,2.658543818,26.5134603,8.601236485,22.51436996,2.737898933,0.141835377,1.796085134,0.941813799,0.089288125,37.90866801,0.95318233,68.47898079,396.0711952,0.002031066
38,2016,8,30,Oak,4,11,6,11:28:54,1522,0,1.165750551,0.149795943,378.2072728,1.251743378,0.862493505,22.03700447,6,1.420000017,1,2.840000033,23.00198746,22.03700447,23.07290459,399.4831848,396.6350403,15.81508064,17.9214325,56.23509216,63.7168541,350.1723633,26.16309738,26.16776657,100.271431,-0.208597198,0.066219024,1,-0.219565243,2.737391472,1,0,0.159999996,111115,0.583620605,0.001251743,295.1870045,296.1519875,4.186095487,-0.478966303,2.659501186,26.52302017,8.601587673,22.51949596,2.738751632,0.142290807,1.797007681,0.941743951,0.089576907,37.92338444,0.953539739,68.49407202,396.0808983,0.002015927
39,2016,8,30,Oak,4,11,6,11:28:56,1523.499999,0,1.157761714,0.150054559,378.3177824,1.253825706,0.862509617,22.03984642,6,1.420000017,1,2.840000033,23.00421524,22.03984642,23.07508659,399.4717407,396.6358948,15.81604862,17.92587471,56.23168182,63.72278214,350.1757202,26.16571808,26.17708015,100.2713928,-0.208597198,0.066219024,1,-0.219565243,2.737391472,1,0,0.159999996,111115,0.5836262,0.001253826,295.1898464,296.1542152,4.186514799,-0.480129858,2.659962042,26.52762635,8.601751637,22.52203083,2.739173388,0.142524138,1.797452425,0.941720963,0.089724864,37.93445098,0.953816302,68.501521,396.0855503,0.002002306
40,2016,8,30,Oak,4,11,6,11:28:58,1525.499999,0,1.14661872,0.150363575,378.4591559,1.256433115,0.862609489,22.04373741,6,1.420000017,1,2.840000033,23.00714874,22.04373741,23.07784271,399.447998,396.6294861,15.81700134,17.93120384,56.22619247,63.72971344,350.1756592,26.17408752,26.21955681,100.2712173,-0.208597198,0.066219024,1,-0.219565243,2.737391472,1,0,0.159999996,111115,0.583626099,0.001256433,295.1937374,296.1571487,4.18785391,-0.481601571,2.660593126,26.53396654,8.602762703,22.52544308,2.739741214,0.142802888,1.797983638,0.941757576,0.089901626,37.94856028,0.954188151,68.5084126,396.0844385,0.001983239
61,2016,8,30,Oak,5,11,6,11:48:11,2678.499996,0,2.19546758,0.143866669,364.9522637,1.321675489,0.944761791,23.13940811,6,1.420000017,1,2.840000033,24.18254089,23.13940811,24.24155426,400.9246521,396.2652283,16.71887589,18.94070625,55.35508347,62.7065506,350.1550903,58.36982346,58.12911224,100.2518158,-0.161810711,0.086582266,0.666666687,-0.219565243,2.737391472,1,0,0.159999996,111115,0.583591817,0.001321675,296.2894081,297.3325409,9.339171544,-0.441740074,2.843601985,28.36459332,9.423887069,23.6609745,2.934521409,0.13693016,1.898840194,1.035681215,0.086178644,36.58712711,0.920979782,67.61170494,395.2216081,0.00375585
62,2016,8,30,Oak,5,11,6,11:48:35,2702.499995,0,2.484052539,0.146607768,360.6206706,1.346367555,0.945232399,23.17105293,6,1.420000017,1,2.840000033,24.20639992,23.17105293,24.25556374,399.8907166,394.7232361,16.72700882,18.99038696,55.30226135,62.78407669,350.1313782,59.34360886,60.5891304,100.251503,-0.161810711,0.086582266,1,-0.219565243,2.737391472,1,0,0.159999996,111115,0.583552297,0.001346368,296.3210529,297.3563999,9.494977205,-0.453806392,2.849047235,28.41899772,9.428610756,23.68872643,2.93942955,0.139411029,1.903814835,1.035614715,0.087751105,36.15276423,0.913603856,67.68546597,393.5424365,0.004272328
63,2016,8,30,Oak,5,11,6,11:48:37,2704.499995,0,2.49200648,0.14662716,360.5186507,1.347145664,0.945656281,23.17480469,6,1.420000017,1,2.840000033,24.20816803,23.17480469,24.25706482,399.8915405,394.7099915,16.72793388,18.99258995,55.29991531,62.78509903,350.1352539,59.52070618,60.79336166,100.2515793,-0.161810711,0.086582266,1,-0.219565243,2.737391472,1,0,0.159999996,111115,0.583558757,0.001347146,296.3248047,297.358168,9.523312775,-0.454136776,2.849693419,28.42542171,9.432831762,23.69148636,2.939918058,0.139428563,1.904037137,1.035880921,0.08776222,36.14256409,0.913376044,67.67837262,393.5254109,0.004285745
64,2016,8,30,Oak,5,11,6,11:48:39,2706.499995,0,2.497691754,0.146643632,360.4454079,1.347770014,0.945990466,23.17777252,6,1.420000017,1,2.840000033,24.21002388,23.17777252,24.2586441,399.89151,394.6998901,16.72867966,18.99435043,55.29690552,62.78457642,350.1400146,59.77733994,60.99608612,100.2516098,-0.161810711,0.086582266,1,-0.219565243,2.737391472,1,0,0.159999996,111115,0.583566691,0.00134777,296.3277725,297.3600239,9.564374176,-0.454119785,2.850204675,28.43051279,9.436162355,23.6938982,2.940345012,0.139443458,1.904214208,1.036130804,0.087771662,36.13523238,0.913213854,67.6728151,393.5126071,0.004295309
65,2016,8,30,Oak,5,11,6,11:48:42,2709.499995,0,2.510027465,0.146658709,360.299823,1.348574232,0.946458339,23.18179512,6,1.420000017,1,2.840000033,24.21293831,23.18179512,24.26156807,399.9069824,394.6937561,16.729599,18.99658966,55.29101563,62.78173065,350.144165,60.20840073,61.37624741,100.2516479,-0.161810711,0.086582266,1,-0.219565243,2.737391472,1,0,0.159999996,111115,0.583573608,0.001348574,296.3317951,297.3629383,9.633343901,-0.453862928,2.850897758,28.43741541,9.440825748,23.69736671,2.940959117,0.139457091,1.904439419,1.036519698,0.087780304,36.12065102,0.912859191,67.66470137,393.5006093,0.004316137
66,2016,8,30,Oak,6,11,6,11:49:41,2768.499994,0,2.156910214,0.079414189,344.7154469,0.837334845,1.061079069,23.35835648,6,1.420000017,1,2.840000033,24.26135445,23.35835648,24.31245804,399.8700867,395.6065674,16.75010109,18.15883636,55.19520187,59.81552124,350.1565552,50.36548233,50.01945114,100.2479095,-0.161810711,0.086582266,1,-0.219565243,2.737391472,1,0,0.159999996,111115,0.583594259,0.000837335,296.5083565,297.4113544,8.058476993,-0.221771777,2.881464454,28.74338694,10.58455058,23.80985546,2.9609363,0.077253957,1.820385385,1.140550915,0.048473268,34.55700294,0.871359263,63.31714603,394.5812756,0.003461122
67,2016,8,30,Oak,6,11,6,11:49:43,2770.499994,0,2.108857299,0.080900086,346.4739647,0.851735916,1.060022531,23.36671448,6,1.420000017,1,2.840000033,24.26441765,23.36671448,24.315382,399.7926941,395.6018066,16.7509594,18.18387032,55.18914795,59.88198853,350.1605225,50.37908554,49.86916733,100.247963,-0.161810711,0.086582266,1,-0.219565243,2.737391472,1,0,0.159999996,111115,0.583600871,0.000851736,296.5167145,297.4144176,8.060653506,-0.229986544,2.882918489,28.75787601,10.5740057,23.81556606,2.961953619,0.078659399,1.822895958,1.139057661,0.049358643,34.73330918,0.87581492,63.39004709,394.5993569,0.003387754
68,2016,8,30,Oak,6,11,6,11:49:59,2786.499993,0,2.32641517,0.088013042,345.4654965,0.921315324,1.056418817,23.41335487,6,1.420000017,1,2.840000033,24.289814,23.41335487,24.34108543,399.8583374,395.2475281,16.75077057,18.30073166,55.10477448,60.19649124,350.1202393,50.41312027,49.15994263,100.2487488,-0.161810711,0.086582266,1,-0.219565243,2.737391472,1,0,0.159999996,111115,0.583533732,0.000921315,296.5633549,297.439814,8.066099063,-0.269141611,2.891044268,28.83870674,10.53797509,23.85158443,2.968377179,0.085367461,1.834625451,1.133751728,0.053586208,34.63248377,0.874048468,63.70176727,394.1416617,0.003759987
69,2016,8,30,Oak,6,11,6,11:50:02,2789.499993,0,2.402794146,0.088663558,344.4112758,0.927808918,1.056282943,23.41916656,6,1.420000017,1,2.840000033,24.29490471,23.41916656,24.34640503,400.0346069,395.2885132,16.75134277,18.31218719,55.09067917,60.21566772,350.1253662,50.39157104,49.12158203,100.2488251,-0.161810711,0.086582266,0.666666687,-0.219565243,2.737391472,1,0,0.159999996,111115,0.583542277,0.000927809,296.5691666,297.4449047,8.062651187,-0.272670507,2.892058194,28.84879889,10.5366117,23.85703564,2.969350413,0.085979322,1.835775251,1.133575163,0.053971959,34.52682574,0.871290878,63.7268185,394.1463399,0.003884913
70,2016,8,30,Oak,6,11,6,11:50:15,2802.499993,0,2.346735724,0.090267036,346.4714056,0.945361938,1.057680551,23.44604492,6,1.420000017,1,2.840000033,24.31629372,23.44604492,24.36811447,400.2485352,395.5862122,16.75482178,18.34511566,55.03141403,60.24989319,350.1311951,50.40320587,49.44231796,100.2485352,-0.161810711,0.086582266,1,-0.219565243,2.737391472,1,0,0.159999996,111115,0.583551992,0.000945362,296.5960449,297.4662937,8.064512759,-0.282535887,2.896751524,28.89569927,10.5505836,23.88116932,2.973662492,0.087486355,1.839070972,1.134591519,0.05492218,34.73325088,0.875842977,63.75603339,394.4706864,0.003792894
71,2016,8,30,Oak,7,11,6,11:52:31,2937.999999,0,12.79650149,0.269949588,288.5320348,2.62567921,1.039517266,24.94901276,6,1.420000017,1,2.840000033,24.73165321,24.94901276,24.75601006,399.7620239,376.143219,16.84903908,21.2524662,53.98549652,68.06557465,350.1650391,1156.484253,1187.327637,100.2475433,0.42367819,0.097787462,0.333333343,-0.219565243,2.737391472,1,0,0.159999996,111115,0.583608398,0.002625679,298.0990128,297.8816532,185.0374763,0.791044317,3.170024793,31.62196985,10.36950365,24.84033298,3.149535194,0.246517446,2.130507527,1.019027668,0.156020189,28.92462767,0.767080251,69.24115124,370.060375,0.023943242
72,2016,8,30,Oak,7,11,6,11:52:33,2939.999999,0,12.97072163,0.272205971,287.7462513,2.646758256,1.039889251,24.97010422,6,1.420000017,1,2.840000033,24.74125862,24.97010422,24.76564789,399.7584534,375.8292542,16.85000992,21.2885704,53.96144867,68.13368225,350.169281,1166.547974,1193.329224,100.2474747,0.42367819,0.097787462,0.333333343,-0.219565243,2.737391472,1,0,0.159999996,111115,0.583615468,0.002646758,298.1201042,297.8912586,186.6476716,0.797528713,3.174014673,31.66179182,10.37322142,24.85568142,3.152421826,0.248397749,2.134125422,1.018296403,0.15722538,28.84583503,0.765630264,69.28990641,369.6635943,0.024312378
73,2016,8,30,Oak,7,11,6,11:52:36,2942.999999,0,13.21630088,0.275251096,286.621735,2.677260716,1.041192159,25.00455284,6,1.420000017,1,2.840000033,24.75591469,25.00455284,24.78030968,399.767334,375.4007874,16.85139465,21.340662,53.92258453,68.23259735,350.1853638,1176.592285,1199.111816,100.2475281,0.42367819,0.097787462,0.333333343,-0.219565243,2.737391472,1,0,0.159999996,111115,0.583642273,0.002677261,298.1545528,297.9059147,188.2547614,0.797911991,3.180540772,31.7268748,10.3862128,24.88023376,3.157044275,0.250931013,2.139348613,1.017695662,0.158849458,28.73312043,0.763508614,69.34267107,369.1183909,0.024828175
75,2016,8,30,Oak,7,11,6,11:52:44,2950.999998,0,13.85939194,0.282731851,283.692489,2.751009453,1.043911763,25.08629608,6,1.420000017,1,2.840000033,24.79512978,25.08629608,24.8204422,399.8800964,374.3685303,16.85610962,21.46854401,53.81916428,68.46707916,350.1772461,1200.52832,1211.087402,100.2472153,0.42367819,0.097787462,0.666666687,-0.219565243,2.737391472,1,0,0.159999996,111115,0.583628743,0.002751009,298.2362961,297.9451298,192.084527,0.798892817,3.196073516,31.88191819,10.41337418,24.94071293,3.168455913,0.257133336,2.152161753,1.01629416,0.162827554,28.43938201,0.75778936,69.48081701,367.7804391,0.026183064
76,2016,8,30,Oak,8,11,6,11:53:56,3022.999997,0,19.13901824,0.339008952,260.4400477,3.289830918,1.058770649,25.65654373,6,1.420000017,1,2.840000033,25.19160652,25.65654373,25.20484543,400.2136841,365.3567505,16.9088974,22.4200592,52.711689,69.87265015,350.133728,1267.059082,1277.424194,100.2458038,0.42367819,0.097787462,0.666666687,-0.219565243,2.737391472,1,0,0.159999996,111115,0.583556213,0.003289831,298.8065437,298.3416065,202.7294486,0.619228126,3.306287506,32.98180452,10.56174531,25.42407513,3.260962934,0.302857098,2.247516857,1.013446077,0.19223251,26.10802194,0.712837651,70.57692915,356.2589778,0.037915483
77,2016,8,30,Oak,8,11,6,11:53:58,3024.999997,0,19.29588388,0.339846653,259.5911871,3.304478394,1.061100267,25.68167877,6,1.420000017,1,2.840000033,25.20310974,25.68167877,25.21609306,400.2356873,365.1017761,16.91044235,22.446064,52.68410873,69.90213013,350.1293335,1269.693115,1279.277588,100.2456665,0.42367819,0.097787462,0.666666687,-0.219565243,2.737391472,1,0,0.159999996,111115,0.583548889,0.003304478,298.8316788,298.3531097,203.1508939,0.61468699,3.311220913,33.03106287,10.58499888,25.44239426,3.264514818,0.303525484,2.250120646,1.014394172,0.192663374,26.02289157,0.711010474,70.56274086,355.9294371,0.038253943
78,2016,8,30,Oak,8,11,6,11:54:01,3027.999997,0,19.40097825,0.341249049,259.1312803,3.325554116,1.063892404,25.71479988,6,1.420000017,1,2.840000033,25.21994972,25.71479988,25.23257637,400.1457214,364.8196716,16.91237259,22.48316193,52.6411972,69.94433594,350.1247253,1272.876221,1281.633179,100.2456512,0.42367819,0.097787462,0.666666687,-0.219565243,2.737391472,1,0,0.159999996,111115,0.583541209,0.003325554,298.8647999,298.3699497,203.6601908,0.607459109,3.317731613,33.09601536,10.61285343,25.4673748,3.269363726,0.304643643,2.253839209,1.015524517,0.193384243,25.97678395,0.710299637,70.55464055,355.5973757,0.038493789
79,2016,8,30,Oak,8,11,6,11:54:03,3029.999997,0,19.42280816,0.342252473,259.1268802,3.338881622,1.065327174,25.73417091,6,1.420000017,1,2.840000033,25.23102379,25.73417091,25.24375343,400.0381165,364.6669922,16.91386032,22.50687218,52.61492538,69.96871948,350.1226807,1274.923096,1283.527344,100.2457123,0.42367819,0.097787462,0.666666687,-0.219565243,2.737391472,1,0,0.159999996,111115,0.583537801,0.003338882,298.8841709,298.3810238,203.9876908,0.603225761,3.321544607,33.13403168,10.62715951,25.48259735,3.27232162,0.305443089,2.256217433,1.016104188,0.193899691,25.97635868,0.71058496,70.55712987,355.4343194,0.038556142
80,2016,8,30,Oak,8,11,6,11:54:06,3032.999996,0,19.4155928,0.343721857,259.3216481,3.358213887,1.067358322,25.76208878,6,1.420000017,1,2.840000033,25.24747467,25.76208878,25.26045227,399.8162842,364.4464722,16.91626358,22.54149818,52.57518768,70.00474548,350.1203003,1277.48291,1287.641357,100.2457047,0.42367819,0.097787462,0.666666687,-0.219565243,2.737391472,1,0,0.159999996,111115,0.583533834,0.003358214,298.9120888,298.3974747,204.3972611,0.596387098,3.327046692,33.18892019,10.64742201,25.50478172,3.276636452,0.306612864,2.259688369,1.016948083,0.194653987,25.99588134,0.711549344,70.56201495,355.2172292,0.038568043
102,2016,8,30,Oak,1,12,6,12:19:35,4561.999997,0,1.619394278,0.084252975,357.9031483,0.927588049,1.108399093,24.12906456,6,1.420000017,1,2.840000033,25.1046505,24.12906456,25.20682907,399.6533203,396.2483521,17.49382019,19.05311012,54.80714798,59.673172,350.1265259,38.89743042,38.35528183,100.2394867,-0.485420644,0.092728883,0.666666687,-0.219565243,2.737391472,1,0,0.159999996,111115,0.58354421,0.000927588,297.2790646,298.2546505,6.223588728,-0.279730393,3.018273072,30.11061979,11.05750967,24.61685753,3.107766328,0.081825495,1.909873979,1.197892349,0.051353626,35.87602787,0.903229367,63.43629412,395.4785696,0.002597571
103,2016,8,30,Oak,1,12,6,12:19:37,4563.999997,0,1.65168937,0.085202748,357.569977,0.936516926,1.106945154,24.12888336,6,1.420000017,1,2.840000033,25.10429764,24.12888336,25.20697021,399.6478882,396.1816101,17.49301147,19.06729317,54.80577087,59.71429062,350.1254272,38.7754097,38.00902557,100.2394562,-0.485420644,0.092728883,0.666666687,-0.219565243,2.737391472,1,0,0.159999996,111115,0.583542379,0.000936517,297.2788834,298.2542976,6.204065413,-0.284656023,3.018240251,30.11030154,11.04300837,24.6165905,3.10771671,0.082721037,1.911295098,1.196421612,0.05191803,35.84262003,0.902540572,63.49545624,395.3964761,0.002652395
104,2016,8,30,Oak,1,12,6,12:19:53,4579.999997,0,2.019239572,0.089934017,352.593373,0.980651952,1.099873934,24.1275692,6,1.420000017,1,2.840000033,25.10204315,24.1275692,25.20770264,400.3266296,396.2004395,17.48705101,19.13543129,54.79432297,59.95500946,350.120697,36.77743149,37.18205261,100.2396164,-0.485420644,0.092728883,0.666666687,-0.219565243,2.737391472,1,0,0.159999996,111115,0.583534495,0.000980652,297.2775692,298.2520432,5.884388907,-0.311663489,3.018002226,30.10787885,10.97244756,24.61480618,3.107385172,0.087173502,1.918128292,1.18925688,0.054724906,35.34382445,0.889936855,63.78314412,395.2405897,0.003258609
105,2016,8,30,Oak,1,12,6,12:19:56,4582.999996,0,1.980727073,0.090395982,353.5725836,0.985224405,1.099521818,24.12977219,6,1.420000017,1,2.840000033,25.10225487,24.12977219,25.20803452,400.3668213,396.3032532,17.48683548,19.14292908,54.79297256,59.97616196,350.1122131,36.76063919,37.09598923,100.2395935,-0.485420644,0.092728883,0.666666687,-0.219565243,2.737391472,1,0,0.159999996,111115,0.583520355,0.000985224,297.2797722,298.2522549,5.881702139,-0.314353269,3.018401247,30.1118664,10.96893732,24.61601353,3.107609501,0.087607474,1.918879429,1.188730072,0.054998555,35.44197205,0.892176839,63.80501862,395.3617104,0.003196575
106,2016,8,30,Oak,2,12,6,12:21:28,4675.499994,0,1.34096854,0.107977669,369.7366616,1.122920405,1.055420212,24.01789856,6,1.420000017,1,2.840000033,25.10377693,24.01789856,25.20409203,399.9006653,396.8391113,17.49421883,19.38119698,54.81038666,60.71456528,350.1334229,31.45501328,31.4565773,100.240242,-0.485420644,0.092728883,1,-0.219565243,2.737391472,1,0,0.159999996,111115,0.583555705,0.00112292,297.1678986,298.2537769,5.032802012,-0.381284678,2.998196087,29.91010424,10.52890726,24.56083775,3.097372115,0.104022694,1.942775875,1.15459624,0.065358311,37.06249244,0.931704187,65.23060773,396.2016791,0.002207769
108,2016,8,30,Oak,2,12,6,12:21:32,4679.499994,0,1.303410545,0.109399846,370.5292021,1.134449298,1.052892726,24.01494789,6,1.420000017,1,2.840000033,25.10306168,24.01494789,25.20412064,399.801178,396.7962036,17.49481964,19.40114784,54.81385422,60.77280426,350.1305847,31.46032906,31.09058189,100.2400513,-0.485420644,0.092728883,0.666666687,-0.219565243,2.737391472,1,0,0.159999996,111115,0.583550975,0.001134449,297.1649479,298.2530617,5.033652536,-0.387008698,2.99766478,29.90486081,10.50371296,24.55900478,3.097032531,0.10534196,1.944772054,1.152260477,0.06619166,37.14186621,0.933802286,65.32419146,396.1766247,0.002149149
109,2016,8,30,Oak,2,12,6,12:21:36,4683.499994,0,1.269574213,0.110423052,371.1625555,1.142399226,1.050805986,24.01177788,6,1.420000017,1,2.840000033,25.10250092,24.01177788,25.20374298,399.690155,396.737915,17.49663734,19.4162674,54.82065964,60.82037735,350.1356201,31.38909149,30.96325493,100.2400742,-0.485420644,0.092728883,1,-0.219565243,2.737391472,1,0,0.159999996,111115,0.583559367,0.001142399,297.1617779,298.2525009,5.022254526,-0.390955454,2.997094069,29.89916054,10.48289314,24.5571394,3.096686974,0.10629034,1.946288084,1.15039889,0.066790798,37.20536209,0.935535883,65.39816285,396.1344203,0.002095951
110,2016,8,30,Oak,2,12,6,12:21:39,4686.499994,0,1.286011758,0.111079331,370.992287,1.147609765,1.049589576,24.01065636,6,1.420000017,1,2.840000033,25.10241318,24.01065636,25.20377922,399.677887,396.6940613,17.49807549,19.4264164,54.82506943,60.85038376,350.1401062,31.07308006,30.85719109,100.2399292,-0.485420644,0.092728883,1,-0.219565243,2.737391472,1,0,0.159999996,111115,0.583566844,0.00114761,297.1606564,298.2524132,4.971692699,-0.394143259,2.99689218,29.89718971,10.47077331,24.55653477,3.096574975,0.106898278,1.947302604,1.149272371,0.067174893,37.18824058,0.935210085,65.44343124,396.0827529,0.002124834
111,2016,8,30,Oak,3,12,6,12:23:44,4811.999991,0,0.855410749,0.153188646,382.17921,1.480937366,0.995694623,24.08551216,6,1.420000017,1,2.840000033,25.1387043,24.08551216,25.22014618,400.3130188,397.8375244,17.61270142,20.0994854,55.06563187,62.83601379,350.1320496,23.78327942,24.99867058,100.2363358,-0.485420644,0.092728883,1,-0.219565243,2.737391472,1,0,0.159999996,111115,0.583553416,0.001480937,297.2355122,298.2887043,3.805324622,-0.587425851,3.010393389,30.03295528,9.933469885,24.61210823,3.106883936,0.145348592,2.014698767,1.09218517,0.091516154,38.30824361,0.960641434,67.81066216,397.4309031,0.001459523
112,2016,8,30,Oak,3,12,6,12:23:47,4814.999991,0,0.841921481,0.153828314,382.367591,1.485847156,0.995045635,24.08677292,6,1.420000017,1,2.840000033,25.13985825,24.08677292,25.22242737,400.2949829,397.8392334,17.61326408,20.10828972,55.06371689,62.85753632,350.129303,23.79597282,25.01813316,100.2360535,-0.485420644,0.092728883,1,-0.219565243,2.737391472,1,0,0.159999996,111115,0.583548838,0.001485847,297.2367729,298.2898582,3.807355567,-0.589981778,3.010621238,30.03531298,9.927023263,24.61331558,3.107108234,0.145924337,2.015575603,1.091532631,0.091881359,38.3270183,0.961110818,67.84076609,397.4390242,0.001437116
113,2016,8,30,Oak,3,12,6,12:23:49,4816.999991,0,0.824978642,0.154174835,382.5573988,1.48900797,0.995027858,24.08972359,6,1.420000017,1,2.840000033,25.14058113,24.08972359,25.2238636,400.2554932,397.8266296,17.6135006,20.11384583,55.06211853,62.87044144,350.1256409,23.80026436,25.01589966,100.2357635,-0.485420644,0.092728883,1,-0.219565243,2.737391472,1,0,0.159999996,111115,0.583542735,0.001489008,297.2397236,298.2905811,3.808042212,-0.591922714,3.011154552,30.04072045,9.926874625,24.61515236,3.107449492,0.146236127,2.016126694,1.091322798,0.092079141,38.34593297,0.961618379,67.85057667,397.4344743,0.001408415
114,2016,8,30,Oak,3,12,6,12:23:51,4818.999991,0,0.802178513,0.154479289,382.7965855,1.492021669,0.995169312,24.09331703,6,1.420000017,1,2.840000033,25.14120483,24.09331703,25.2252655,400.196167,397.8044128,17.61361313,20.11896896,55.0604248,62.88233948,350.1307983,23.81332779,25.01827049,100.2354965,-0.485420644,0.092728883,1,-0.219565243,2.737391472,1,0,0.159999996,111115,0.583551331,0.001492022,297.243317,298.2912048,3.810132361,-0.593869265,3.011804155,30.04728125,9.928312285,24.61726093,3.107841288,0.146510007,2.016634844,1.091206445,0.092252881,38.36980581,0.962273351,67.85601729,397.4230956,0.00136964
115,2016,8,30,Oak,3,12,6,12:23:54,4821.999991,0,0.788298813,0.154901989,382.9455773,1.495581301,0.994951232,24.09579659,6,1.420000017,1,2.840000033,25.14236641,24.09579659,25.22747231,400.1505737,397.7802429,17.61440277,20.12571526,55.05900955,62.89805984,350.1312561,23.83916283,24.99305916,100.2350082,-0.485420644,0.092728883,1,-0.219565243,2.737391472,1,0,0.159999996,111115,0.583552094,0.001495581,297.2457966,298.2923664,3.814265967,-0.59585555,3.012252467,30.05190022,9.926184968,24.6190815,3.108179604,0.146890165,2.017301234,1.090878369,0.092494048,38.38455309,0.962706379,67.87219203,397.4055234,0.001346322
116,2016,8,30,Oak,4,12,6,12:25:26,4914,0,0.77061069,0.069662935,373.0113716,0.768327338,1.104730707,24.12977028,6,1.420000017,1,2.840000033,25.1385479,24.12977028,25.21346474,399.8729553,398.0283508,17.80091667,19.09241295,55.8060112,59.65792847,350.1325378,17.61370659,17.61720085,100.2319717,-0.670686781,0.066562921,1,-0.219565243,2.737391472,1,0,0.159999996,111115,0.58355423,0.000768327,297.2797703,298.2885479,2.818192991,-0.232313888,3.018400902,30.11415269,11.02173974,24.63415909,3.110982709,0.06799507,1.913670195,1.197312514,0.042643683,37.38766526,0.937147745,63.37531715,397.6620394,0.001228121
117,2016,8,30,Oak,4,12,6,12:25:29,4916.5,0,0.712065352,0.074259977,375.4218452,0.812935184,1.098176402,24.14395714,6,1.420000017,1,2.840000033,25.13868523,24.14395714,25.21343994,399.8075256,398.0328064,17.81711769,19.18347549,55.8621254,59.92377472,350.1309509,17.61810493,17.69596863,100.2318497,-0.670686781,0.066562921,1,-0.219565243,2.737391472,1,0,0.159999996,111115,0.583551585,0.000812935,297.2939571,298.2886852,2.818896727,-0.257520365,3.020971634,30.13983722,10.95636173,24.64132118,3.112315002,0.072367714,1.922795232,1.18951977,0.045396106,37.62922595,0.943193222,63.67879821,397.6943246,0.001140159
118,2016,8,30,Oak,4,12,6,12:25:33,4920.5,0,0.73115259,0.08043426,376.250615,0.870984604,1.088492603,24.15697479,6,1.420000017,1,2.840000033,25.13923454,24.15697479,25.21421432,399.8644409,398.0174255,17.83997154,19.30373001,55.94046783,60.29019165,350.1279907,17.63414955,17.77408981,100.2313843,-0.670686781,0.066562921,1,-0.219565243,2.737391472,1,0,0.159999996,111115,0.583546651,0.000870985,297.3069748,298.2892345,2.821463865,-0.289522251,3.023332183,30.16352817,10.85979816,24.64810467,3.113577326,0.078218949,1.934839581,1.178737745,0.049081162,37.71211998,0.945311916,64.10059329,397.6698706,0.001178548
119,2016,8,30,Oak,4,12,6,12:25:35,4922.5,0,0.75825304,0.083521873,376.2952838,0.900406433,1.08478047,24.15881538,6,1.420000017,1,2.840000033,25.13947487,24.15881538,25.21465111,399.9465027,398.0329285,17.83101082,19.34417343,55.81687546,60.41044617,350.1231689,17.64172173,17.81200409,100.2309875,-0.670686781,0.066562921,1,-0.219565243,2.737391472,1,0,0.159999996,111115,0.583538615,0.000900406,297.3088154,298.2894749,2.822675413,-0.305110981,3.023666076,30.1669788,10.82280536,24.64914513,3.113770982,0.081135743,1.938885606,1.174885376,0.050918952,37.71644791,0.945387321,64.26395,397.6724913,0.001225338
120,2016,8,30,Oak,4,12,6,12:25:37,4924.5,0,0.773577113,0.085425807,376.3715988,0.919637567,1.083952518,24.15904999,6,1.420000017,1,2.840000033,25.13992691,24.15904999,25.21513367,400.0281982,398.0751648,17.80744743,19.35292625,55.70746994,60.43269348,350.120575,17.64518166,17.82618523,100.2306366,-0.670686781,0.066562921,0.666666687,-0.219565243,2.737391472,1,0,0.159999996,111115,0.583534292,0.000919638,297.30905,298.2899269,2.823229002,-0.315133427,3.023708637,30.16750905,10.8145828,24.64948845,3.113834886,0.082931275,1.939756118,1.174078767,0.052050538,37.72396494,0.945478724,64.31479785,397.7074433,0.001250981
141,2016,8,30,Oak,5,12,6,12:40:14,5801.499997,0,10.24095966,0.14926342,259.6072717,1.891167931,1.298931051,26.48206711,6,1.420000017,1,2.840000033,26.24020386,26.48206711,26.27126122,399.8947144,381.1099854,18.50889015,21.67946625,54.20438766,63.47130585,350.1259766,1096.280029,1188.69751,100.2232819,-0.784917116,0.078513607,0.666666687,-0.219565243,2.737391472,1,0,0.159999996,111115,0.583543294,0.001891168,299.6320671,299.3902039,175.4048008,1.054668943,3.471718307,34.63983859,12.96037235,26.36113548,3.447041359,0.141810224,2.172787256,1.274254102,0.089272176,26.01869277,0.681187273,63.42360944,376.2419236,0.017263324
142,2016,8,30,Oak,5,12,6,12:40:16,5803.499997,0,10.31014367,0.150044957,259.2515925,1.906065667,1.302628673,26.51250839,6,1.420000017,1,2.840000033,26.24530983,26.51250839,26.27439308,399.8804626,380.9677124,18.50925064,21.70475388,54.19130325,63.51929855,350.1223145,1122.440796,1209.93042,100.223465,-0.784917116,0.078513607,0.666666687,-0.219565243,2.737391472,1,0,0.159999996,111115,0.583537191,0.001906066,299.6625084,299.3953098,179.5905233,1.092869262,3.477954313,34.70199632,12.99724245,26.37890911,3.450658563,0.142515475,2.17532564,1.275332923,0.089719371,25.9830929,0.680508043,63.39318061,376.0667639,0.017379701
143,2016,8,30,Oak,5,12,6,12:40:19,5806.499997,0,10.41252733,0.15108531,258.6440242,1.928383838,1.309170917,26.56290817,6,1.420000017,1,2.840000033,26.25343323,26.56290817,26.27942085,399.8642273,380.7623596,18.50988388,21.74263954,54.16960144,63.59343719,350.1264954,1151.370361,1231.017822,100.2237778,-0.784917116,0.078513607,0.666666687,-0.219565243,2.737391472,1,0,0.159999996,111115,0.583544159,0.001928384,299.7129082,299.4034332,184.2192537,1.13007824,3.488300391,34.80511779,13.06247825,26.4081707,3.456620963,0.143453709,2.179129474,1.27749149,0.090314348,25.92228121,0.679279392,63.32854552,375.8127428,0.017546244
144,2016,8,30,Oak,5,12,6,12:40:21,5808.499997,0,10.48447504,0.151803669,258.2193752,1.942982376,1.313097644,26.59394455,6,1.420000017,1,2.840000033,26.25872803,26.59394455,26.28304291,399.8574524,380.6234436,18.51001549,21.76712608,54.15568161,63.63868713,350.1304321,1171.550537,1239.927979,100.2239456,-0.784917116,0.078513607,0.666666687,-0.219565243,2.737391472,1,0,0.159999996,111115,0.58355072,0.001942982,299.7439445,299.408728,187.4480817,1.157055325,3.494684905,34.86876199,13.1016359,26.42633629,3.460326944,0.144101174,2.181587261,1.278739683,0.090724968,25.87976461,0.678411641,63.29290082,375.6396263,0.017665677
146,2016,8,30,Oak,6,12,6,12:42:03,5910.499994,0,2.234367411,0.071290824,336.1888676,0.92540585,1.298249215,25.66466522,6,1.420000017,1,2.840000033,26.41480446,25.66466522,26.43733597,399.6270447,395.1713562,18.49747658,20.05153275,53.6137886,58.11030579,350.1224976,55.90198517,56.82582474,100.2233429,-0.784917116,0.078513607,0.666666687,-0.219565243,2.737391472,1,0,0.159999996,111115,0.583537496,0.000925406,298.8146652,299.5648045,8.944317427,-0.274708103,3.307880857,33.00509404,12.95356129,26.03973484,3.382200286,0.069545075,2.009631642,1.372568644,0.043619216,33.69397216,0.850741994,60.67057165,394.1092449,0.003439664
147,2016,8,30,Oak,6,12,6,12:42:04,5911.499994,0,2.23838642,0.071557195,336.2971453,0.928500724,1.297857563,25.66504669,6,1.420000017,1,2.840000033,26.41583824,25.66504669,26.43875122,399.6483154,395.1836243,18.4969368,20.05618286,53.61059189,58.11870956,350.1224976,55.97333145,57.08729935,100.2233658,-0.784917116,0.078513607,0.666666687,-0.219565243,2.737391472,1,0,0.159999996,111115,0.583537496,0.000928501,298.8150467,299.5658382,8.955732832,-0.276098479,3.307955714,33.0058334,12.94965054,26.04044247,3.382341867,0.069798537,2.010098151,1.372243716,0.043778753,33.7048318,0.850989577,60.68681433,394.1196026,0.003446683
148,2016,8,30,Oak,6,12,6,12:42:07,5914.499994,0,2.327596149,0.072299341,334.8607703,0.936948705,1.296544209,25.66465759,6,1.420000017,1,2.840000033,26.41896439,25.66465759,26.44291496,399.8512878,395.2279358,18.49513054,20.06854057,53.59693527,58.14302063,350.1231689,56.23360825,57.931427,100.2232895,-0.784917116,0.078513607,0.666666687,-0.219565243,2.737391472,1,0,0.159999996,111115,0.583538615,0.000936949,298.8146576,299.5689644,8.997377118,-0.279533808,3.30787936,33.00509669,12.93655612,26.04181099,3.382615696,0.070504473,2.011335151,1.371280545,0.044223113,33.56084792,0.847259872,60.73546438,394.1215081,0.003586905
149,2016,8,30,Oak,6,12,6,12:42:12,5919.499994,0,2.499744598,0.073284511,331.9303959,0.947574304,1.294053585,25.6592865,6,1.420000017,1,2.840000033,26.42401886,25.6592865,26.4499588,400.328064,395.4022827,18.49169731,20.08290863,53.57258224,58.16767883,350.1273193,57.80810165,58.7326622,100.2231293,-0.784917116,0.078513607,0.666666687,-0.219565243,2.737391472,1,0,0.159999996,111115,0.583545532,0.000947574,298.8092865,299.5740189,9.249296058,-0.280676434,3.306825533,32.99463464,12.91172601,26.04165268,3.382584019,0.071441018,2.012771948,1.369812071,0.044812682,33.26710298,0.839475163,60.81157949,394.2140239,0.003856114
150,2016,8,30,Oak,6,12,6,12:42:15,5922.499994,0,2.417704412,0.073803015,334.2596239,0.95307936,1.292660332,25.65584183,6,1.420000017,1,2.840000033,26.42731094,25.65584183,26.45447159,400.3367615,395.5475769,18.4895668,20.09001923,53.55763626,58.17670441,350.1254883,58.56679153,59.55062103,100.2233734,-0.784917116,0.078513607,0.666666687,-0.219565243,2.737391472,1,0,0.159999996,111115,0.58354248,0.000953079,298.8058418,299.5773109,9.370686436,-0.281194297,3.306149831,32.98781231,12.89779308,26.04157639,3.382568753,0.071933676,2.013489499,1.369079254,0.04512284,33.5006271,0.84505542,60.85273302,394.398316,0.003730338
151,2016,8,30,Oak,7,12,6,12:44:20,6047.499991,0,18.94318815,0.315728215,254.3454624,3.53424625,1.20873027,27.33059311,6,1.420000017,1,2.840000033,26.72875214,27.33059311,26.74168396,400.2339783,365.560791,18.4425621,24.35106277,52.47667313,69.2670517,350.1582336,1532.228638,1508.968628,100.2221603,-0.784917116,0.078513607,1,-0.219565243,2.737391472,1,0,0.159999996,111115,0.583597056,0.003534246,300.4805931,299.8787521,245.1565766,0.971687745,3.649246388,36.41157181,12.06050903,27.02967262,3.585402008,0.284139847,2.440516118,1.14488589,0.180178749,25.49105171,0.695767896,69.25716005,356.5561066,0.03679509
152,2016,8,30,Oak,7,12,6,12:44:22,6049.499991,0,18.95336364,0.317829453,254.9532122,3.551661552,1.207439092,27.33803177,6,1.420000017,1,2.840000033,26.73468399,27.33803177,26.74640656,400.2906494,365.589325,18.44229317,24.37966919,52.46060181,69.3197403,350.1620789,1525.4198,1502.300537,100.2227707,-0.784917116,0.078513607,0.666666687,-0.219565243,2.737391472,1,0,0.159999996,111115,0.583603465,0.003551662,300.4880318,299.884684,244.0671625,0.949530073,3.650837086,36.42722169,12.0475525,27.03635788,3.586809715,0.285840531,2.443397995,1.143411721,0.181273019,25.55211732,0.697375976,69.32310607,356.5798036,0.036847461
153,2016,8,30,Oak,7,12,6,12:44:24,6051.499991,0,18.9359419,0.319663505,255.6295792,3.567603141,1.206579567,27.3462677,6,1.420000017,1,2.840000033,26.74063492,27.3462677,26.75141907,400.3059082,365.624939,18.44195366,24.40569878,52.44425583,69.36546326,350.16922,1518.736816,1497.555298,100.2232895,-0.784917116,0.078513607,0.666666687,-0.219565243,2.737391472,1,0,0.159999996,111115,0.583615367,0.003567603,300.4962677,299.8906349,242.9978852,0.928269614,3.652598981,36.44461282,12.03891404,27.04345131,3.588303899,0.287323113,2.446019414,1.142284486,0.182227111,25.62003732,0.69915794,69.37683034,356.6236991,0.036837586
154,2016,8,30,Oak,7,12,6,12:44:26,6053.499991,0,18.9082494,0.32148687,256.3478719,3.58238653,1.205383996,27.35191917,6,1.420000017,1,2.840000033,26.74669075,27.35191917,26.75662231,400.29776,365.655426,18.44142532,24.42962646,52.42743683,69.40512848,350.1756287,1512.72644,1494.71936,100.2235718,-0.784917116,0.078513607,1,-0.219565243,2.737391472,1,0,0.159999996,111115,0.583626048,0.003582387,300.5019192,299.8966908,242.0362251,0.909258117,3.653808418,36.45657756,12.02695109,27.04930496,3.589537341,0.288795352,2.448424421,1.14111292,0.183174692,25.69209934,0.701064045,69.43437317,356.6673498,0.036809718
155,2016,8,30,Oak,7,12,6,12:44:28,6055.499991,0,18.89517848,0.323184753,256.9303095,3.595923477,1.204210161,27.3568058,6,1.420000017,1,2.840000033,26.75311661,27.3568058,26.76190948,400.3008423,365.6720581,18.4410038,24.45174217,52.40972519,69.43889618,350.1729736,1507.676025,1462.786377,100.2237091,-0.784917116,0.078513607,1,-0.219565243,2.737391472,1,0,0.159999996,111115,0.583621623,0.003595923,300.5068058,299.9031166,241.2281587,0.892867156,3.654854456,36.46696464,12.01522247,27.0549612,3.590729538,0.290164746,2.450644295,1.140085244,0.184056206,25.7505086,0.702624944,69.48875274,356.6901952,0.036810723
156,2016,8,30,Oak,8,12,6,12:46:08,6155.499989,0,20.94589698,0.381346148,257.5493725,4.058861381,1.172333288,27.55347061,6,1.420000017,1,2.840000033,27.01900864,27.55347061,27.01589394,399.8175049,361.4117737,18.41375351,25.19363594,51.5065155,70.4489975,350.1480103,1554.285522,1558.177979,100.2172546,-0.784917116,0.078513607,0.666666687,-0.219565243,2.737391472,1,0,0.159999996,111115,0.583580017,0.004058861,300.7034706,300.1690086,248.685678,0.74900454,3.697170316,36.89155455,11.69791861,27.28623962,3.639774296,0.336202014,2.524837028,1.114937268,0.213763937,25.81089105,0.712620316,71.14919737,351.4550974,0.042403248
157,2016,8,30,Oak,8,12,6,12:46:11,6158.499989,0,21.06476788,0.384026052,257.5569613,4.085198572,1.172628421,27.57461166,6,1.420000017,1,2.840000033,27.02873611,27.57461166,27.02549171,399.9844666,361.359375,18.41278648,25.23631477,51.4777565,70.52455139,350.1505127,1550.830566,1564.939819,100.2173309,-0.784917116,0.078513607,1,-0.219565243,2.737391472,1,0,0.159999996,111115,0.583584188,0.004085199,300.7246117,300.1787361,248.1328851,0.727159058,3.701744531,36.93716941,11.70085464,27.30167389,3.643067987,0.338283243,2.529116109,1.113951878,0.215110277,25.81167122,0.71274465,71.20023975,351.3461932,0.042687712
158,2016,8,30,Oak,8,12,6,12:46:15,6162.499989,0,21.19717492,0.387186422,257.7094332,4.115848441,1.172869401,27.598423,6,1.420000017,1,2.840000033,27.04223633,27.598423,27.03883553,400.2807312,361.4092102,18.41099167,25.28540611,51.43503189,70.60365295,350.1485901,1547.416138,1584.626831,100.2172165,-0.784917116,0.078513607,0.666666687,-0.219565243,2.737391472,1,0,0.159999996,111115,0.583580983,0.004115848,300.748423,300.1922363,247.5865765,0.703292793,3.706902419,36.98867868,11.70327257,27.32032967,3.647052625,0.340733164,2.534033018,1.113019606,0.216695492,25.82692206,0.71306825,71.26108041,351.3330884,0.042994345
159,2016,8,30,Oak,8,12,6,12:46:18,6165.499989,0,21.24988084,0.389156505,258.0066622,4.135520824,1.173181994,27.61444855,6,1.420000017,1,2.840000033,27.05247688,27.61444855,27.04923439,400.4851379,361.5102234,18.40994453,25.31702423,51.40432358,70.64698029,350.1469727,1553.829712,1601.12439,100.2169647,-0.784917116,0.078513607,0.666666687,-0.219565243,2.737391472,1,0,0.159999996,111115,0.583578288,0.004135521,300.7644485,300.2024769,248.6127483,0.704341237,3.710377318,37.02344537,11.70642114,27.33346272,3.649859959,0.342257947,2.537195324,1.112664635,0.217682301,25.85664456,0.713691192,71.29688138,351.4090478,0.043113581
160,2016,8,30,Oak,8,12,6,12:46:20,6167.499989,0,21.23378626,0.390316477,258.4042176,4.148384566,1.173725055,27.62646484,6,1.420000017,1,2.840000033,27.05959892,27.62646484,27.05648422,400.537323,361.5814514,18.40923691,25.33766556,51.38440704,70.67124176,350.1464233,1564.516357,1613.824951,100.2167969,-0.784917116,0.078513607,0.666666687,-0.219565243,2.737391472,1,0,0.159999996,111115,0.583577372,0.004148385,300.7764648,300.2095989,250.3226116,0.717134127,3.712984737,37.04952516,11.7118596,27.34303188,3.651906661,0.34315486,2.539259682,1.112646979,0.218262837,25.89644298,0.714650092,71.31337356,351.4879264,0.043081222
181,2016,8,30,Oak,1,13,6,13:24:24,8451.499996,0,7.639571205,0.141243064,287.0274818,2.122601759,1.534876882,27.3767662,6,1.420000017,1,2.840000033,26.96097755,27.3767662,26.98061371,400.1797791,385.685791,17.64266205,21.20282364,49.50172806,59.48727798,350.1408386,997.9306641,856.6589355,100.1872711,-1.132928967,0.084916674,0.666666687,-0.219565243,2.737391472,1,0,0.159999996,111115,0.583568064,0.002122602,300.5267662,300.1109776,159.6689027,0.722791966,3.659129923,36.52290238,15.32007874,27.16887188,3.61481279,0.134551358,2.12425304,1.490559749,0.08467125,28.75650014,0.744200301,58.85319607,382.0543047,0.011768306
183,2016,8,30,Oak,1,13,6,13:24:32,8459.999996,0,7.907312996,0.142419108,284.544474,2.12483815,1.524494142,27.32938004,6,1.420000017,1,2.840000033,26.97824097,27.32938004,27.00020409,400.4876709,385.5344849,17.64131546,21.20509338,49.45066833,59.44501495,350.1532593,869.1300659,678.2279053,100.1878586,-1.132928967,0.084916674,1,-0.219565243,2.737391472,1,0,0.159999996,111115,0.583588765,0.002124838,300.47938,300.128241,139.0608074,0.487224882,3.648987039,36.42144957,15.21635619,27.1538105,3.611620413,0.135618185,2.124492897,1.487127516,0.08534723,28.50790153,0.738051939,59.03618773,381.775727,0.012227535
184,2016,8,30,Oak,1,13,6,13:24:34,8461.999996,0,7.906126114,0.142914028,284.9169888,2.119779687,1.515931385,27.28533554,6,1.420000017,1,2.840000033,26.98228455,27.28533554,27.00497818,400.490509,385.5427246,17.64134216,21.19665337,49.44083405,59.41680527,350.1545715,809.8484497,633.2336426,100.1879883,-1.132928967,0.084916674,1,-0.219565243,2.737391472,1,0,0.159999996,111115,0.583590953,0.00211978,300.4353355,300.1322845,129.5757491,0.384506046,3.639581445,36.32752296,15.13086959,27.13381004,3.607384963,0.136066892,2.123650059,1.483734904,0.085631568,28.54525993,0.739002374,59.16993423,381.7845309,0.012253115
185,2016,8,30,Oak,1,13,6,13:24:36,8463.999995,0,7.894658017,0.143413339,285.417153,2.112004891,1.505468644,27.23007202,6,1.420000017,1,2.840000033,26.98630905,27.23007202,27.00964546,400.4725952,385.5494385,17.64120293,21.1835537,49.43051529,59.37714386,350.1513977,756.3939819,593.550293,100.1881638,-1.132928967,0.084916674,1,-0.219565243,2.737391472,1,0,0.159999996,111115,0.583585663,0.002112005,300.380072,300.1363091,121.0230344,0.295748182,3.62780999,36.20996587,15.02641218,27.10819054,3.601965914,0.136519428,2.122341347,1.479624568,0.085918346,28.59542046,0.740286782,59.32971108,381.7966962,0.012267989
186,2016,8,30,Oak,2,13,6,13:26:44,8591.999993,0,6.62245128,0.064866463,213.3717672,1.079359359,1.65785468,27.14313889,6,1.420000017,1,2.840000033,27.11148071,27.14313889,27.15864754,400.1454773,388.0791321,17.66481781,19.47842979,49.12560272,54.16496277,350.1306152,619.8233643,457.6824036,100.1880188,-1.132928967,0.084916674,1,-0.219565243,2.737391472,1,0,0.159999996,111115,0.583551025,0.001079359,300.2931389,300.2614807,99.17173606,0.604824646,3.60935997,36.0258643,16.54743451,27.1273098,3.606009355,0.063417977,1.95150529,1.654504065,0.039763877,21.37729463,0.549815101,53.81175754,384.9311359,0.009257909
187,2016,8,30,Oak,2,13,6,13:26:46,8593.999993,0,6.670298634,0.06495978,212.388756,1.082712155,1.660641614,27.15922928,6,1.420000017,1,2.840000033,27.11311722,27.15922928,27.15978432,400.2138367,388.0632935,17.66531944,19.48455429,49.12291718,54.17624664,350.1304932,593.401062,386.1856384,100.1884384,-1.132928967,0.084916674,1,-0.219565243,2.737391472,1,0,0.159999996,111115,0.583550822,0.001082712,300.3092293,300.2631172,94.9441678,0.551135706,3.612768681,36.05973642,16.57518213,27.13617325,3.607885187,0.06350717,1.952127068,1.65575812,0.039819982,21.27889781,0.547304421,53.77829963,384.8925529,0.009319934
189,2016,8,30,Oak,2,13,6,13:26:49,8597.499992,0,6.701917789,0.065466975,212.9848418,1.085221608,1.651955805,27.12071991,6,1.420000017,1,2.840000033,27.11522865,27.12071991,27.16148567,400.3464966,388.1404114,17.66640663,19.48978043,49.11985016,54.18648911,350.1435242,481.730835,279.9815369,100.1888885,-1.132928967,0.084916674,0.666666687,-0.219565243,2.737391472,1,0,0.159999996,111115,0.58357254,0.001085222,300.2707199,300.2652287,77.07693187,0.344395673,3.604615244,35.97819375,16.48841333,27.11797428,3.604034537,0.063991851,1.952659439,1.651375098,0.040124872,21.33871457,0.548731427,53.92590626,384.9546406,0.009388301
190,2016,8,30,Oak,2,13,6,13:26:51,8599.499992,0,6.615477549,0.065881404,216.2804882,1.083953342,1.639986231,27.06332397,6,1.420000017,1,2.840000033,27.11561584,27.06332397,27.16231346,400.3079224,388.2508545,17.66700935,19.4882164,49.11997986,54.18435669,350.1509705,412.4927673,225.5730591,100.1890869,-1.132928967,0.084916674,0.666666687,-0.219565243,2.737391472,1,0,0.159999996,111115,0.583584951,0.001083953,300.213324,300.2656158,65.9988413,0.222172243,3.592492838,35.85712724,16.36891084,27.08946991,3.598010614,0.064387757,1.952506607,1.645504007,0.040373929,21.66894463,0.557063779,54.11483971,385.1061733,0.009296021
191,2016,8,30,Oak,3,13,6,13:29:09,8736.999999,0,11.23561543,0.134539366,232.4194579,2.005849682,1.519671335,27.23937988,6,1.420000017,1,2.840000033,27.30545044,27.23937988,27.30758858,399.6036987,379.0471497,17.69643021,21.06131554,48.66048431,57.90140152,350.1344604,847.7141724,986.0648193,100.1893234,-1.128407836,0.05158652,0.666666687,-0.219565243,2.737391472,1,0,0.159999996,111115,0.583557434,0.00200585,300.3893799,300.4554504,135.6342645,0.56630782,3.629790289,36.22931232,15.16799678,27.27241516,3.636826346,0.128454107,2.110118954,1.526707392,0.080809227,23.28594823,0.613167671,58.84819235,373.7062762,0.017692924
192,2016,8,30,Oak,3,13,6,13:29:12,8739.499999,0,11.29430274,0.134723952,231.6404538,2.019666129,1.528033366,27.29003525,6,1.420000017,1,2.840000033,27.3134346,27.29003525,27.31459618,399.5053711,378.840271,17.69765472,21.08558846,48.64344025,57.93569946,350.1391296,880.0614014,1001.222168,100.1893158,-1.128407836,0.05158652,0.666666687,-0.219565243,2.737391472,1,0,0.159999996,111115,0.583565216,0.002019666,300.4400352,300.4634346,140.8098211,0.61430846,3.640584046,36.33704869,15.25146023,27.30173492,3.643081017,0.128622363,2.11255068,1.530530337,0.080915769,23.20789858,0.611446226,58.74419003,373.4715004,0.017765068
193,2016,8,30,Oak,3,13,6,13:29:14,8741.999999,0,11.38285277,0.135063235,230.6425246,2.03438394,1.535377357,27.33641624,6,1.420000017,1,2.840000033,27.32171631,27.33641624,27.32202339,399.4441223,378.6188049,17.6987114,21.11119461,48.62526321,57.97240067,350.1442566,908.550293,996.9958496,100.1892242,-1.128407836,0.05158652,0.666666687,-0.219565243,2.737391472,1,0,0.159999996,111115,0.583573761,0.002034384,300.4864162,300.4717163,145.3680436,0.655174423,3.650491568,36.43596999,15.32477538,27.32906628,3.648919962,0.128931575,2.115114211,1.533805751,0.081111571,23.10789562,0.60916817,58.66047957,373.2079419,0.017891463
194,2016,8,30,Oak,3,13,6,13:29:18,8745.499999,0,11.56746582,0.135734613,228.7310898,2.05636045,1.544502102,27.39657211,6,1.420000017,1,2.840000033,27.33368683,27.39657211,27.33255005,399.4783325,378.3236084,17.69955444,21.14874268,48.59632111,58.02941895,350.1469116,954.9714355,978.6603394,100.1891479,-1.128407836,0.05158652,0.666666687,-0.219565243,2.737391472,1,0,0.159999996,111115,0.583578186,0.00205636,300.5465721,300.4836868,152.7954263,0.724725414,3.663376611,36.56460491,15.41586223,27.36512947,3.656636834,0.129543239,2.118874509,1.537762325,0.081498912,22.916373,0.604591109,58.56686939,372.8249891,0.018171267
195,2016,8,30,Oak,3,13,6,13:29:22,8749.499999,0,11.71767536,0.136542188,227.3990525,2.081360823,1.554308913,27.46220589,6,1.420000017,1,2.840000033,27.3475132,27.46220589,27.3441124,399.4741821,378.0463562,17.70057297,21.19162178,48.56248093,58.09540939,350.138916,982.2061768,947.7167969,100.1891861,-1.128407836,0.05158652,0.666666687,-0.219565243,2.737391472,1,0,0.159999996,111115,0.58356486,0.002081361,300.6122059,300.4975132,157.1529848,0.755932658,3.677480251,36.70536107,15.51373929,27.40485954,3.665154838,0.130278621,2.123171338,1.5419835,0.08196463,22.78292599,0.601511028,58.47104349,372.4763345,0.018394315
196,2016,8,30,Oak,4,13,6,13:31:12,8860,0,0.284518401,0.04641037,378.2560517,0.761364053,1.624997662,26.79835892,6,1.420000017,1,2.840000033,27.44518471,26.79835892,27.48104668,399.5469666,398.5394287,17.80451965,19.08432388,48.68574524,52.02973557,350.131958,11.88666153,7.556604385,100.1865692,-1.289294958,0.080095567,1,-0.219565243,2.737391472,1,0,0.159999996,111115,0.583553263,0.000761364,299.9483589,300.5951847,1.901865802,-0.285145323,3.536990598,35.30403951,16.21971563,27.12177181,3.604837746,0.045664141,1.911992936,1.69284481,0.028606207,37.89617611,0.949105721,53.53211137,398.4041823,0.000382297
197,2016,8,30,Oak,4,13,6,13:31:15,8862.5,0,0.232953136,0.048938773,380.5421739,0.79839559,1.617371666,26.79085541,6,1.420000017,1,2.840000033,27.44440269,26.79085541,27.48278618,399.5339661,398.589447,17.80294991,19.14489937,48.69202423,52.19010544,350.1370544,9.744539261,5.494283676,100.1863785,-1.289294958,0.080095567,1,-0.219565243,2.737391472,1,0,0.159999996,111115,0.583561757,0.000798396,299.9408554,300.5944027,1.559126247,-0.307575822,3.5354298,35.28852778,16.14362841,27.11762905,3.603961526,0.048109747,1.918058134,1.685903391,0.030141992,38.12514226,0.95472215,53.76918874,398.4787123,0.000314338
198,2016,8,30,Oak,4,13,6,13:31:32,8880.499999,0,0.067521991,0.053890585,386.3817013,0.866872804,1.597500242,26.72328758,6,1.420000017,1,2.840000033,27.42702675,26.72328758,27.48045158,399.3937988,398.6858826,17.74669456,19.20358658,48.44493484,52.42284393,350.1532288,2.520357847,2.856225252,100.1845093,-1.289294958,0.080095567,0.666666687,-0.219565243,2.737391472,1,0,0.159999996,111115,0.583588715,0.000866873,299.8732876,300.5770267,0.403257247,-0.350078522,3.521402139,35.14916792,15.94558134,27.07515717,3.594989171,0.052887024,1.923901898,1.671087273,0.033143112,38.70946114,0.969138157,54.23563568,398.6537858,9.18616E-05
199,2016,8,30,Oak,4,13,6,13:31:34,8881.499999,0,0.11190068,0.05387417,385.1031548,0.86623433,1.596806026,26.7191658,6,1.420000017,1,2.840000033,27.42524719,26.7191658,27.47964859,399.5102844,398.7266846,17.74617958,19.20202827,48.44706726,52.42415619,350.146637,2.513216972,2.874335527,100.1843109,-1.289294958,0.080095567,0.666666687,-0.219565243,2.737391472,1,0,0.159999996,111115,0.583577728,0.000866234,299.8691658,300.5752472,0.402114707,-0.349441267,3.520547997,35.14071181,15.93868353,27.0722065,3.594366555,0.052871215,1.923741971,1.670624584,0.033133178,38.58129419,0.96583241,54.24440082,398.6734923,0.000152255
200,2016,8,30,Oak,4,13,6,13:31:35,8882.999999,0,0.149124994,0.053832715,384.0785359,0.864982913,1.59571337,26.71253586,6,1.420000017,1,2.840000033,27.42244911,26.71253586,27.47840881,399.65625,398.8096008,17.7455349,19.19927597,48.45172119,52.42531586,350.1486816,2.508909702,2.899297714,100.1840439,-1.289294958,0.080095567,0.666666687,-0.219565243,2.737391472,1,0,0.159999996,111115,0.583581136,0.000864983,299.8625359,300.5724491,0.401425543,-0.348276805,3.519174477,35.12709549,15.92781952,27.06749249,3.593372055,0.052831288,1.923461106,1.669910949,0.03310809,38.47854089,0.963062411,54.25759382,398.7387139,0.000202919
221,2016,8,30,Oak,5,13,6,13:54:14,10241.49999,0,12.21841698,0.189077423,258.1498329,3.327512378,1.816260643,30.21560478,6,1.420000017,1,2.840000033,29.49205208,30.21560478,29.565382,399.9691162,376.8882446,19.37205696,24.9305706,46.89694977,60.35176086,350.2255249,1322.850098,1320.445313,100.1676559,-0.994968116,0.076078974,1,-0.219565243,2.737391472,1,0,0.159999996,111115,0.583709208,0.003327512,303.3656048,302.6420521,211.6560109,0.661487171,4.313497462,43.06277731,18.13220671,29.85382843,4.224809742,0.17727506,2.497236819,1.727572924,0.111800093,25.85826364,0.68495061,59.13250952,371.0801944,0.019470337
222,2016,8,30,Oak,5,13,6,13:54:15,10242.49999,0,12.26752414,0.189317329,257.8501138,3.328252996,1.814519254,30.20930099,6,1.420000017,1,2.840000033,29.49263954,30.20930099,29.56601906,400.0476685,376.8824463,19.37270546,24.93239212,46.89655685,60.35401917,350.2289124,1322.247803,1319.723511,100.1676483,-0.994968116,0.076078974,1,-0.219565243,2.737391472,1,0,0.159999996,111115,0.583714854,0.003328253,303.359301,302.6426395,211.5596437,0.660949902,4.31193834,43.04721547,18.11482335,29.85097027,4.224115454,0.177485933,2.497419086,1.726696368,0.111934288,25.82823952,0.684165889,59.16045453,371.0510528,0.019559365
223,2016,8,30,Oak,5,13,6,13:54:19,10246.49999,0,12.39825548,0.189802889,257.0135162,3.329272383,1.810749412,30.19592476,6,1.420000017,1,2.840000033,29.49490547,30.19592476,29.56861496,400.3033447,376.9138184,19.37575722,24.93700218,46.89736938,60.35799789,350.2363586,1318.504028,1317.572266,100.1677017,-0.994968116,0.076078974,0.666666687,-0.219565243,2.737391472,1,0,0.159999996,111115,0.583727264,0.003329272,303.3459248,302.6449055,210.9606398,0.65559878,4.308631609,43.01418057,18.07717838,29.84541512,4.222766313,0.177912632,2.497882196,1.724884116,0.112205838,25.74445323,0.681889344,59.22116121,371.0202815,0.019789729
224,2016,8,30,Oak,5,13,6,13:54:22,10249.49999,0,12.41401614,0.189578498,256.7961526,3.328645918,1.812400987,30.20325279,6,1.420000017,1,2.840000033,29.49644279,30.20325279,29.57060814,400.3838196,376.9671021,19.37830925,24.93856812,46.8993454,60.35701752,350.2319946,1315.18811,1317.182739,100.1678162,-0.994968116,0.076078974,0.666666687,-0.219565243,2.737391472,1,0,0.159999996,111115,0.583719991,0.003328646,303.3532528,302.6464428,210.430093,0.648855736,4.310442894,43.03221393,18.09364581,29.84984779,4.223842816,0.17771546,2.498041906,1.72580091,0.112080357,25.7227098,0.681216348,59.19768254,371.0660733,0.019804586
225,2016,8,30,Oak,5,13,6,13:54:23,10250.49999,0,12.41858532,0.189305475,256.6143567,3.328421005,1.814708341,30.21271133,6,1.420000017,1,2.840000033,29.49717903,30.21271133,29.57142258,400.4115906,376.98703,19.37896538,24.93885803,46.89944077,60.35612106,350.2312927,1314.327026,1317.30957,100.1679153,-0.994968116,0.076078974,1,-0.219565243,2.737391472,1,0,0.159999996,111115,0.583718821,0.003328421,303.3627113,302.647179,210.2923195,0.646108384,4.312781761,43.05552079,18.11666276,29.85494518,4.225081044,0.177475515,2.49807342,1.727007624,0.111927658,25.70452516,0.680698104,59.16371427,371.0838293,0.019799559
226,2016,8,30,Oak,6,13,6,13:55:54,10341.49999,0,9.841670809,0.110965423,225.1356853,2.195589561,1.991229562,30.19812965,6,1.420000017,1,2.840000033,29.57670212,30.19812965,29.65482903,400.0154114,381.7166138,19.46609116,23.14097786,46.8951149,55.73722458,350.1791992,1161.49939,1193.338989,100.1663361,-0.994968116,0.076078974,0.666666687,-0.219565243,2.737391472,1,0,0.159999996,111115,0.583631999,0.00219559,303.3481297,302.7267021,185.8398982,0.959367822,4.309176527,43.02020716,19.8792293,29.88741589,4.232976068,0.10679278,2.317946965,1.915029103,0.067108237,22.55101671,0.589797974,54.00707947,377.0383548,0.014097237
227,2016,8,30,Oak,6,13,6,13:55:56,10343.49999,0,9.866517521,0.111546029,225.4331683,2.205862952,1.990495906,30.2025528,6,1.420000017,1,2.840000033,29.5789299,30.2025528,29.65656662,399.9916077,381.6437378,19.46718597,23.15921021,46.89235687,55.77087784,350.1781311,1162.705811,1242.476685,100.1663666,-0.994968116,0.076078974,0.666666687,-0.219565243,2.737391472,1,0,0.159999996,111115,0.583630219,0.002205863,303.3525528,302.7289299,186.0329255,0.955990783,4.310269845,43.03110907,19.87189886,29.89074135,4.233785356,0.107330436,2.319773939,1.914011417,0.067447944,22.58082137,0.590690076,54.04403667,376.9536679,0.014145676
228,2016,8,30,Oak,6,13,6,13:55:58,10345.49999,0,9.900334186,0.112009514,225.4573599,2.214816295,1.990581862,30.2093811,6,1.420000017,1,2.840000033,29.58108711,30.2093811,29.65817833,399.9930725,381.5814514,19.46824265,23.17523003,46.88938141,55.7996521,350.1744995,1165.036377,1283.636841,100.1662674,-0.994968116,0.076078974,0.666666687,-0.219565243,2.737391472,1,0,0.159999996,111115,0.583624166,0.002214816,303.3593811,302.7310871,186.4058161,0.955060622,4.31195815,43.0480067,19.87277668,29.89523411,4.234878934,0.107759483,2.321376288,1.913502646,0.067719042,22.5832222,0.590849894,54.06647752,376.8753067,0.014203005
229,2016,8,30,Oak,6,13,6,13:56:00,10347.49999,0,9.965695983,0.112389396,224.9231793,2.222571997,1.991017553,30.21700478,6,1.420000017,1,2.840000033,29.58321953,30.21700478,29.65986443,400.0524902,381.5238037,19.46980286,23.18976021,46.88743591,55.82499313,350.1703186,1167.36438,1312.332275,100.1660309,-0.994968116,0.076078974,0.666666687,-0.219565243,2.737391472,1,0,0.159999996,111115,0.583617198,0.002222572,303.3670048,302.7332195,186.7782966,0.954629721,4.31384379,43.06693349,19.87717328,29.90011215,4.236066571,0.108111039,2.322826237,1.913240334,0.067941185,22.52966213,0.589539046,54.08162084,376.7865891,0.014304145
230,2016,8,30,Oak,6,13,6,13:56:04,10351.49999,0,10.1074644,0.113031693,223.595618,2.236577199,1.992534112,30.23386765,6,1.420000017,1,2.840000033,29.58728027,30.23386765,29.66307259,400.2309265,381.4499207,19.47296715,23.21636963,46.88406754,55.87283707,350.1603699,1183.376709,1300.483398,100.1656647,-0.994968116,0.076078974,1,-0.219565243,2.737391472,1,0,0.159999996,111115,0.583600616,0.002236577,303.3838676,302.7372803,189.3402692,0.975660806,4.318017207,43.10875609,19.89238647,29.91057396,4.238614644,0.108705236,2.325483095,1.913131548,0.068316668,22.39660369,0.586172931,54.09942031,376.6453162,0.014517849
231,2016,8,30,Oak,7,13,6,13:58:20,10487.99999,0,19.50538428,0.318156179,248.1402788,4.699186512,1.587160975,30.24596786,6,1.420000017,1,2.840000033,29.72932625,30.24596786,29.78683853,399.9085083,363.5629272,19.46352196,27.29486656,46.478302,65.16404724,350.2021484,1637.721313,1651.449463,100.1599731,-0.994968116,0.076078974,1,-0.219565243,2.737391472,1,0,0.159999996,111115,0.583670247,0.004699187,303.3959679,302.8793262,262.0354043,0.571609613,4.321014077,43.14112655,15.84625999,29.98764706,4.257427735,0.28610477,2.733853102,1.523574633,0.181443056,24.85372366,0.682523602,65.76338343,354.2910017,0.036205832
232,2016,8,30,Oak,7,13,6,13:58:21,10488.99999,0,19.52329947,0.318624668,248.1820178,4.706466951,1.587496337,30.25175095,6,1.420000017,1,2.840000033,29.73085403,30.25175095,29.78821945,399.9420471,363.5611877,19.46243858,27.30584145,46.47330093,65.17984772,350.2015381,1638.891113,1653.230835,100.1599121,-0.994968116,0.076078974,1,-0.219565243,2.737391472,1,0,0.159999996,111115,0.58366923,0.004706467,303.4017509,302.880854,262.2225723,0.569426695,4.322447016,43.15545936,15.84961791,29.99130249,4.258321809,0.286483566,2.734950679,1.52337113,0.181686816,24.85788909,0.682641674,65.77213002,354.2807462,0.036244956
233,2016,8,30,Oak,7,13,6,13:58:23,10490.99999,0,19.55323196,0.319375419,248.2432188,4.720581543,1.588844093,30.26588249,6,1.420000017,1,2.840000033,29.73405266,30.26588249,29.79073906,400.0049438,363.5638733,19.46060753,27.32738304,46.46195984,65.21461487,350.2004395,1641.793579,1656.174438,100.1598358,-0.994968116,0.076078974,1,-0.219565243,2.737391472,1,0,0.159999996,111115,0.583667399,0.004720582,303.4158825,302.8840527,262.6869668,0.566006458,4.325950292,43.19046908,15.86308604,29.99996758,4.260441838,0.287090349,2.737106199,1.523335639,0.18207731,24.86400004,0.682804968,65.77794416,354.2692033,0.036304917
234,2016,8,30,Oak,7,13,6,13:58:25,10492.99999,0,19.57325623,0.3200604,248.3406213,4.734133032,1.590292905,30.28007507,6,1.420000017,1,2.840000033,29.73709679,30.28007507,29.7931118,400.0539856,363.5699768,19.45886421,27.3480854,46.45136642,65.24814606,350.1990967,1644.881592,1658.949463,100.1597824,-0.994968116,0.076078974,1,-0.219565243,2.737391472,1,0,0.159999996,111115,0.583665161,0.004734133,303.4300751,302.8870968,263.1810488,0.563196859,4.329471188,43.2256449,15.8775595,30.00858593,4.262551345,0.287643722,2.739178283,1.523373061,0.182433454,24.87374259,0.683061411,65.78102214,354.2657882,0.036344147
235,2016,8,30,Oak,7,13,6,13:58:27,10494.99999,0,19.58602999,0.320687545,248.4561139,4.747041449,1.591781155,30.29384232,6,1.420000017,1,2.840000033,29.7399807,30.29384232,29.79543114,400.0873108,363.572998,19.45671844,27.36737061,46.44037247,65.27893066,350.1957092,1647.991211,1661.458008,100.1597061,-0.994968116,0.076078974,1,-0.219565243,2.737391472,1,0,0.159999996,111115,0.583659515,0.004747041,303.4438423,302.8899807,263.6785879,0.560799289,4.332888952,43.25980097,15.89243037,30.01691151,4.264590053,0.288150163,2.741107797,1.523482256,0.18275941,24.88529135,0.683373395,65.78185886,354.2627374,0.036368642
236,2016,8,30,Oak,8,13,6,14:00:09,10596.99999,0,19.04903571,0.317361481,250.9497289,4.845092897,1.639425422,30.5056839,6,1.420000017,1,2.840000033,29.9238739,30.5056839,29.97160912,400.0770874,364.4107056,19.34584045,27.42037392,45.6839447,64.74438477,350.1556091,1572.478638,1582.163818,100.1573181,-0.994968116,0.076078974,1,-0.219565243,2.737391472,1,0,0.159999996,111115,0.583592682,0.004845093,303.6556839,303.0738739,251.5965764,0.363634846,4.385776535,43.78887751,16.36850359,30.2147789,4.313293168,0.285461964,2.746351113,1.566942054,0.181029421,25.13445182,0.688645325,65.13544864,355.3557063,0.034916211
237,2016,8,30,Oak,8,13,6,14:00:10,10597.99999,0,19.06458078,0.31730284,250.834528,4.848534282,1.640843253,30.51316643,6,1.420000017,1,2.840000033,29.92685699,30.51316643,29.97467232,400.099823,364.4047546,19.34474373,27.424963,45.6761322,64.743927,350.1560974,1573.942261,1583.098389,100.1573486,-0.994968116,0.076078974,1,-0.219565243,2.737391472,1,0,0.159999996,111115,0.583593496,0.004848534,303.6631664,303.076857,251.8307561,0.363959269,4.387654834,43.80761765,16.38265465,30.22001171,4.314587724,0.285414518,2.74681158,1.567776143,0.180998892,25.12292127,0.688340437,65.11916483,355.342366,0.03493728
238,2016,8,30,Oak,8,13,6,14:00:14,10601.99999,0,19.08723116,0.317007801,250.5961382,4.862042325,1.646709592,30.54368401,6,1.420000017,1,2.840000033,29.9386692,30.54368401,29.98726654,400.1489868,364.4078979,19.34068298,27.44297981,45.63809586,64.74279785,350.1683655,1578.231812,1583.574097,100.1572418,-0.994968116,0.076078974,1,-0.219565243,2.737391472,1,0,0.159999996,111115,0.583613942,0.004862042,303.693684,303.0886692,252.5170842,0.362345357,4.395322757,43.88422322,16.4412434,30.24117661,4.319827206,0.285175778,2.748613165,1.57121404,0.180845275,25.09901801,0.687680315,65.05054807,355.3347424,0.034942681
239,2016,8,30,Oak,8,13,6,14:00:15,10602.99999,0,19.08359721,0.316933009,250.5920326,4.865220067,1.648115887,30.55093575,6,1.420000017,1,2.840000033,29.94162941,30.55093575,29.99040413,400.1506042,364.4136353,19.33958435,27.44715881,45.63070679,64.74237823,350.1676331,1579.287354,1583.336548,100.1572037,-0.994968116,0.076078974,1,-0.219565243,2.737391472,1,0,0.159999996,111115,0.583612722,0.00486522,303.7009357,303.0916294,252.6859709,0.362068147,4.397146563,43.90244937,16.45529055,30.24628258,4.321092046,0.285115251,2.749030676,1.57206137,0.180806329,25.09859724,0.687658222,65.03397493,355.3422071,0.034926394
240,2016,8,30,Oak,8,13,6,14:00:17,10604.99999,0,19.07036177,0.316771814,250.6120259,4.87128001,1.650886607,30.56498528,6,1.420000017,1,2.840000033,29.94761848,30.56498528,29.99657822,400.1419983,364.4239807,19.33722878,27.45480537,45.61263657,64.73924255,350.1690369,1581.086914,1583.278198,100.1571579,-0.994968116,0.076078974,1,-0.219565243,2.737391472,1,0,0.159999996,111115,0.583615061,0.00487128,303.7149853,303.0976185,252.9739006,0.361155147,4.400681884,43.93776717,16.48296179,30.25630188,4.323574944,0.28498479,2.749795277,1.573779667,0.180722386,25.10058825,0.687693563,65.00076274,355.3588441,0.034882713